OPP TEAM,ODK,PLAY #,QTR,SERIES,HASH,T & 10,DN,DIST,YARD LN,FZ,GN/LS,POST SACK,SERIES END,SIT,PERSONNEL,MOTION,OFF FORM,FORM LT/RT,FIB,BACKFIELD,FORM CODE,PLAY TYPE,PLAY TYPE 2,OFF PLAY,RUN TAG,PLAY DIR,SCR TAG,ROUTE CONCEPT,ROUTE 2,RESULT,BC,GAP,PASS ZONE,COVERAGE,PROTECTION (D),DEF FRONT,STUNT,BLITZ,LAUNCH PT,LAUNCH TIME,ESCAPE PTS,2&10,PEN +/-,PENALTY
Widener University,D,2,1,1,,,0,10,-29,UPFIELD,0,,,,12,HOHIN,SLOT,RT,,SPLIT QUEEN,21,Run,,SPLIT ISO,,L,,,,Rush,T,B,,,,OVER,,,,,,,,
Widener University,D,3,1,1,,,2,10,-29,UPFIELD,3,,,,12,J JET,SLOT TY,LT,,WK,22,Run,,JET SWEEP,,L,,,,Rush,J,E-Alley,,,,OVER,,,,,,,,
Widener University,D,4,1,1,,,3,7,-32,UPFIELD,0,,PUNT,,11,,TOM,RT,,STRONG,31,Pass,,5 STEP,,R,,CROSSING,,Incomplete,,,8,2 MAN,60TF,UNDER,,,7LG,312,,,,
Widener University,D,10,1,3,,,0,10,50,MIDFIELD,8,,,,12,J JET,SLOT TY,LT,,WK,22,Run,,JET SPEED OPTION,,R,,,,Rush,T,E-Alley,,,,OVER,,,,,,,,
Widener University,D,11,1,3,,,2,2,42,MIDFIELD,-6,,,,12,J CRACK,SLOT TY UND,RT,,DOT,22,Pass,,FUBAR,,L,,COMEBACK,,Sack,,,,1,,OVER,,,,,LOOP,,,
Widener University,D,12,1,3,,,3,8,48,MIDFIELD,0,S,PUNT,,11,ZIN,TREY,LT,,STRONG,31,Pass,,5 STEP,,R,,CROSSING,,Sack,,,,2 MAN,60TF,UNDER,,,,,,,,
Widener University,D,30,1,5,,,0,10,-19,UPFIELD,46,,,,11,,TOM,LT,,STRONG,31,Pass,,3 STEP,,R,,LEVELS,,Complete,X,,9,3,60 MAN,OVER,,,5OC,153,,,,
Widener University,D,31,1,5,,,1,10,35,UPFIELD,10,,,,11,,TOM,LT,,STRONG,31,Run,,Q POWER,,L,,,,Rush,Q,C,,,,OVER,,,,,,,,
Widener University,D,32,1,5,,,1,10,25,RED ZONE,2,,,,11,,WOLF SIB,RT,,WK,22,Run,,PUNCH,,R,,,,Rush,T,C,,,,OVER,,,,,,,,
Widener University,D,33,1,5,,,2,7,23,RED ZONE,1,,,,11,,WOLF,RT,,STRONG,22,Pass,,SOP,,R,,OUT,COMEBACK GO,Incomplete,,,6,1,SPRINT,OVER,,,6ROOP,240,ROOP,,,
Widener University,D,34,1,5,,,3,7,22,RED ZONE,0,,FG,,10,S IN,WIDE BUNCH,LT,,WK,31,Pass,,5 STEP,,R,,SHILO,,Complete,S,,3,3,63AF,OVER,,,7OC,228,,,,
Widener University,D,42,1,7,,,0,10,-34,UPFIELD,-1,,,,12,,TEX,LT,,WK,31,Run,,PUNCH,,L,,,,Rush,T,C,,,,OVER,,,,,,,,
Widener University,D,43,2,7,,,2,11,-33,UPFIELD,0,,,,12,,TEX,LT,,STRONG,31,Run,,Q BOSS,,L,,,,Rush,Q,E-Alley,,,,OVER,,,,,,,,
Widener University,D,44,2,7,,,3,11,-33,UPFIELD,0,,PUNT,,11,,WOLF,LT,,WK,22,Pass,,3 STEP,,L,,VERT SWITCH,COMEBACK,Complete,X,,4,2 MAN,60TF,UNDER,,,7OC,200,,,,
Widener University,D,61,2,9,,,0,10,-23,UPFIELD,5,,,,11,,WOLF,LT,,STRONG,22,Run,,Q POWER,,L,,,,Rush,Q,D,,,,OVER,,,,,,,,
Widener University,D,62,2,9,,,2,5,-28,UPFIELD,8,,,,11,,WOLF,LT,,WK,22,Pass,,SOP,,R,,RUB OUT,,Complete,J,,3,1,SPRINT,OVER,,,7ROOP,243,ROOP,,,
Widener University,D,63,2,9,,,1,10,-36,UPFIELD,-1,,,,11,,TOM,LT,,WK,31,Run,,PUNCH,,L,,,,Rush,T,C,,,,OVER,,,,,,,,
Widener University,D,64,2,9,,,2,20,-35,UPFIELD,6,,,,11,ZIN,TREY,RT,,WK,31,Pass,,5 STEP,,R,,SHILO,,Scramble,,,,2,63AB,UNDER,,,,,ROOP,,,
Widener University,D,65,2,9,,,3,5,-41,MIDFIELD,0,,PUNT,,11,,TOM,LT,,WK,31,Run,,Q ISO,,R,,,,Rush,Q,C,,,,UNDER,,,,,,,,
Widener University,D,77,2,11,R,T,1,10,-20,UPFIELD,0,,,,22,,BOX OFF UND,LT,,I,12,Run,,ISO,,R,,,,Rush,T,B,,,,OVER,,,,,,,,
Widener University,D,88,3,13,R,T,1,10,45,MIDFIELD,0,,,,12,H I,PRO UND,LT,,I,21,Run,,POWER,,L,,,,Rush,T,B,,,,OVER,,,,,,,,
Widener University,D,89,3,13,R,,2,10,45,MIDFIELD,0,,,,12,HOHIN,SLOT,RT,,WAGON,21,Pass,,NAKED,,L,,CURL WHEEL,,Incomplete,,,7,1,NAKED COUNTER TREY,OVER,,,7LOOP,306,LOOP,,,
Widener University,D,90,3,13,R,,3,10,45,MIDFIELD,0,,INT,,11,,WOLF SIB,LT,,WK,22,Pass,,5 STEP,,R,,VERTS,,Interception,,,5,2 MAN,60TF,UNDER,,,6OC,253,,,,
Widener University,D,99,3,15,L,,0,10,-10,UPFIELD,2,,,,20,,FOX,RT,,SPLIT,21,Run,,POWER RD,,R,,,,Rush,T,E-Alley,,,,OVER,,,,,,,,
Widener University,D,100,3,15,R,,2,8,-12,UPFIELD,15,,,,20,,FOX,LT,,SPLIT,21,Pass,,3 STEP,,R,,SLANTS,,Incomplete,,,6,3,62AB,OVER,,,5OC,188,,,,
Widener University,D,101,3,15,R,,1,10,-27,UPFIELD,5,,,,11,,TOM OFF,LT,,STRONG,31,Run,,Q DUO,,L,,,,Rush,Q,E-Alley,,,,OVER,,,,,,,,
Widener University,D,102,3,15,L,,2,5,-32,UPFIELD,0,,,,10,SIN,WIDE BUNCH,RT,,STRONG,31,Pass,,3 STEP,,R,,CHAIR,,Incomplete,,,2,2,62TF,OVER,,,6OC,203,,,,
Widener University,D,103,3,15,L,,3,5,-32,UPFIELD,11,,,,11,,TOM,RT,,STRONG,31,Pass,,SOP,,R,,OUT CORNER,,Scramble,,,,3,SPRINT,OVER,,,,,ROOP,,,
Widener University,D,104,3,15,R,,1,10,-43,MIDFIELD,5,,,,11,,WOLF SIB,LT,,STRONG,22,Pass,,3 STEP,,R,,STICK,VERTS,Scramble,,,,4,62TB,OVER,,,,,RA,,,
Widener University,D,105,3,15,M,,2,5,-48,MIDFIELD,20,,,,20,Y ACROSS,WOLF OFF,LT,,WK,22,Run,,Q DUO,,R,,,,Rush,Q,C,,,,OVER,,,,,,,,
Widener University,D,106,3,15,R,,1,10,32,GREEN ZONE,17,,,,11,,TOM,LT,,STRONG,31,Pass,,SOP,,L,,FLOOD,,Complete,J,,4,2,SPRINT,OVER,,,8LOOP,354,LOOP,,,
Widener University,D,107,3,15,L,,1,10,15,RED ZONE,5,,,,21,,SLOT,LT,,I,21,Pass,,NAKED,,L,,OVER,,Scramble,,,,1,NAKED,OVER,,,,,LOOP,,,
Widener University,D,108,3,15,L,,2,5,10,RED ZONE,0,,INT,,12,,TEX,LT,,WK,31,Pass,,SOP,,R,,SMASH,,Interception,,,9,1,SPRINT,OVER,,,7ROOP,287,ROOP,,,
Widener University,D,120,4,18,,,1,10,-25,UPFIELD,-7,,,,20,Y ACROSS,TOM OFF,RT,,STRONG,31,Pass,,SOP,,R,,FLOOD,,Sack,,,,1,SPRINT,OVER,,,,,ROOP,,,
Widener University,D,121,4,18,,,2,17,-18,UPFIELD,0,,,,11,,TOM,LT,,STRONG,31,Pass,,SOP,,L,,FLOOD,,Incomplete,,,4,2,SPRINT,OVER,,,7LOOP,334,LOOP,,,
Widener University,D,122,4,18,,,3,17,-18,UPFIELD,0,,PUNT,,11,,TOM,LT,,STRONG,31,Pass,TRICK,SHOVEL,,L,,,,Incomplete,,,2,,,UNDER,,,5OC,,,,,
Widener University,D,138,4,20,R,,1,10,-18,UPFIELD,3,,,,12,,SLOT TY,RT,,DOT,22,Run,,POWER,,R,,,,Rush,T,B,,,,OVER,,,,,,,,
Widener University,D,139,4,20,R,,2,6,-21,UPFIELD,-3,,,,12,,SLOT TY,RT,,STRONG,22,Run,,TOSS,,R,,,,Rush,T,D,,,,OVER,,,,,,,,
Widener University,D,140,4,20,R,,3,8,-18,UPFIELD,0,,PUNT,,12,,TEX,RT,,WK,31,Pass,,5 STEP,,L,,SHILO,,Incomplete,,,5,1,63TB,OVER,,,5OC,,,,,
Widener University,D,147,4,22,L,,1,10,-45,MIDFIELD,0,,,,21,,SLOT UND,LT,,I,21,Pass,,SOP,,R,,OUT,COMEBACK GO,Incomplete,,,9,1,SPRINT,OVER,,,8ROOP,275,ROOP,,,
Widener University,D,148,4,22,L,,2,10,-45,MIDFIELD,15,,,,21,,SLOT UND,LT,,I,21,Run,,SPRINT POWER,,R,,,,Rush,T,B,,,,OVER,,,,,,,,
Widener University,D,149,4,22,,,1,10,40,MIDFIELD,1,,,,21,,SLOT UND,LT,,I,21,Pass,,SOP,,R,,SMASH,,Complete,X,,6,1,SPRINT,OVER,,,6ROOP,287,ROOP,,,
Widener University,D,150,4,22,,,2,10,39,GREEN ZONE,0,,,,21,,SLOT UND,RT,,I,21,Pass,,SOP,,L,,RUB OUT,,Complete,J,,4,3,SPRINT,OVER,,,6LOOP,228,LOOP,,,
Widener University,D,151,4,22,,,3,10,39,GREEN ZONE,0,,,,21,,SLOT UND,LT,,I,21,Pass,,5 STEP,,R,,VERTS,,Incomplete,,,8,3,61F,OVER,,,6OC,257,,,,
King's College,D,2,1,1,R,,0,10,-27,UPFIELD,1,,,,12,,TEX,RT,,WK,31,Pass,,NAKED PIN,,L,,WAGGLE,,Complete,J,,4,1,NAKED PIN,OVER,,,7LOOP,368,LOOP,,,
King's College,D,3,1,1,L,,1,4,-33,UPFIELD,1,,,,12,,UNB TOM UND,RT,,I,30,Run,,BOSS,,R,,,,Rush,T,D,,,,OVER,,,,,,,,
King's College,D,4,1,1,R,,2,3,-34,UPFIELD,-3,,,,12,,SLOT UND,RT,,I,21,Run,,POWER,,L,,,,Rush,T,B,,,,OVER,,,,,,,,
King's College,D,5,1,1,R,,3,6,-31,UPFIELD,0,,PUNT,,11,,WOLF,RT,,WK,22,Pass,,SOP,,L,,RUB OUT,,Fumble,,,,3,SPRINT,OVER,,,7LOOP,,LOOP,,,
King's College,D,12,1,3,R,,0,10,47,MIDFIELD,37,,,,12,,PRO,RT,,I,12,Pass,TRICK,FAKE BOSS REV PASS,,R,,CROSS,,Complete,Z,,9,1,81F,OVER,,,9ROOP,369,ROOP,,,
King's College,D,13,1,3,R,,1,10,10,RED ZONE,0,,,,12,,PRO,LT,,I,12,Run,,POWER,,L,,,,Rush,T,A,,,,OVER,,,,,,,,
King's College,D,14,1,3,M,,2,10,10,RED ZONE,-7,,,,12,J JET,SLOT TY,LT,,STRONG,22,Pass,,NAKED,,R,,OVER COMEBACK,,Complete,T,,,1,61ABS,OVER,,,8ROOP,453,ROOP,,,
King's College,D,15,1,3,R,,3,17,17,RED ZONE,-8,,,,12,,UNB TOM UND,LT,,I,30,Pass,,SOP,,L,,OUT WHIP,,Sack,,,,2 MAN,SPRINT,OVER,,,,,LOOP,,,
King's College,D,16,1,3,L,,4,25,25,RED ZONE,25,S,TD,,11,,TOM,RT,,STRONG,31,Pass,,5 STEP,,L,,VERT SWITCH,,TD,X,,7,4,60 MAN,OVER,,,7OC,200,,,,
King's College,D,23,1,5,L,,0,10,-32,UPFIELD,-1,,,,12,,SLOT UND,LT,,I,21,Run,,ISO,,L,,,,Rush,T,A,,,,OVER,,,,,,,,
King's College,D,24,1,5,L,,2,10,-31,UPFIELD,-7,S,,,12,,SLOT UND,LT,,I,21,Pass,,PAP,ISO,R,,VERT SWITCH,,Sack,,,,4,70 MAN,OVER,,,,,,,,
King's College,D,25,1,5,M,,3,18,-24,UPFIELD,0,,PUNT,,11,,TOM,RT,,STRONG,31,Run,,COUNTER,,L,,,,Rush,T,C,,,,UNDER,,,,,,,,
King's College,D,34,1,7,M,,0,10,-20,UPFIELD,2,,,,20,,FOX,LT,,SPLIT,21,Run,,ISO,,R,,,,Rush,T,A,,,,OVER,,,,,,,,
King's College,D,35,1,7,M,,2,8,-22,UPFIELD,0,,,,20,,FOX,LT,,SPLIT,21,Pass,,3 STEP,,R,,OUT VERT,,Incomplete,,,9,4,72B,OVER,,,50C,181,,,,
King's College,D,36,1,7,M,,3,8,-22,UPFIELD,0,,PUNT,,11,,WOLF SIB,LT,,STRONG,22,Pass,,5 STEP,,L,,OUT VERT,,Complete,T,,4,2 MAN,60TB,OVER,,,7LOOP,443,LOOP,,,
King's College,D,46,2,8,R,T,0,10,-20,UPFIELD,0,,,,12,J ACROSS,SLOT TY,RT,,WK,22,Run,,POWER,,R,,,,Rush,T,C,,,,OVER,,,,,,,,
King's College,D,47,2,8,R,,2,10,-20,UPFIELD,7,,,,12,,TEX,RT,,WK,31,Run,,Q DRAW,,L,,,,Rush,Q,C,,,,OVER,,,,,,,,
King's College,D,48,2,8,M,,3,3,-27,UPFIELD,0,,PUNT,,12,,TEX,RT,,WK,31,Run,,Q ISO,,L,,,,Rush,Q,B,,,,OVER,,,,,,,,
King's College,D,54,2,10,L,,0,10,-33,UPFIELD,18,,,,12,,TEX,LT,,WK,31,Pass,,SOP,,R,,FLOOD,,Complete,Y,,3,4,SPRINT,OVER,,,7ROOP,191,ROOP,,,
King's College,D,55,2,10,R,,1,10,49,MIDFIELD,10,,,,12,,TEX,RT,,WK,31,Pass,,NAKED PIN,,L,,WAGGLE,,Complete,J,,4,4,,OVER,,,9LOOP,422,LOOP,,,
King's College,D,56,2,10,L,,1,10,39,GREEN ZONE,-3,,,,12,J JET,SLOT TY,LT,,WK,22,Run,,Q OZ,,L,,,,Rush,Q,D,,,,OVER,,,,,,,,
King's College,D,57,2,10,L,,2,12,42,MIDFIELD,0,,,,12,,SLOT UND,LT,,I,21,Pass,,SOP,,R,,VERT SWITCH,,Incomplete,,,8,4,NAKED COUNTER TREY,OVER,,,9RT,356,,,,
King's College,D,59,2,10,R,,3,23,-46,MIDFIELD,21,,,,12,,SLOT UND,RT,,I,21,Run,,ISO,,L,,,,Rush,T,B,,,,OVER,,,,,,,,
King's College,D,60,2,10,L,,4,4,33,GREEN ZONE,24,,,,12,,UNB TOM UND,RT,,I,30,Pass,,SOP,,R,,RUB OUT,,Complete,J,,3,0,73ABS,OVER,,,8RG,184,,,,
King's College,D,61,2,10,R,,1,9,9,RED ZONE,1,,,,12,,ACE,LT,,DOT,22,Run,,IZ,,L,,,,Rush,T,A,,,,OVER,,,,,,,,
King's College,D,62,2,10,M,,2,8,8,RED ZONE,8,,TD,,12,,ACE,LT,,WK,22,Pass,,3 STEP,,L,,VERTS,,Complete,Z,,7,2,70 MAN,OVER,,,5OC,166,,,,
King's College,D,78,2,12,M,,0,10,-28,UPFIELD,3,,,,12,,PRO,RT,,I,21,Run,,ISO,,R,,,,Rush,T,B,,,,OVER,,,,,,,,
King's College,D,79,2,12,R,,2,7,-31,UPFIELD,36,,,,11,,TOM,LT,,STRONG,31,Pass,,5 STEP,,R,,COMEBACK VERTS,,Complete,X,,9,2,62AB,OVER,,,7OC,234,,,,
King's College,D,80,2,12,R,,1,10,33,GREEN ZONE,-3,,,,11,,TOM,LT,,STRONG,31,Pass,,5 STEP,,L,,COMEBACK VERTS,,Sack,,,,1,62AB,OVER,,,,,,,,
King's College,D,81,2,12,R,,2,12,36,GREEN ZONE,-6,,,,12,,SLOT UND,RT,,I,21,Run,,SPRINT DRAW,,L,,,,Rush,T,B,,,,OVER,,,,,,,,
King's College,D,82,2,12,M,,3,16,41,MIDFIELD,9,,,,12,,TEX,RT,,WK,31,Run,,Q DRAW,,L,,,,Rush,Q,A,,,,OVER,,,,,,,,
King's College,D,83,2,12,R,,4,9,32,GREEN ZONE,0,,TOD,,11,,WOLF SIB,LT,,STRONG,22,Pass,,5 STEP,,L,,VERT SWITCH,,Incomplete,,,7,1,62AB,OVER,,,7OC,184,,,,
King's College,D,89,2,14,L,T,0,10,-44,MIDFIELD,0,,,,12,,SLOT UND,LT,,I,21,Pass,,PAP,OZ,R,,CROSS,,Incomplete,,,7,3,82F,OVER,,,9OC,378,,,,
King's College,D,90,2,14,L,,2,10,-44,MIDFIELD,9,,,,12,,SLOT UND,LT,,I,21,Run,,ISO,,R,,,,Rush,T,B,,,,OVER,,,,,,,,
King's College,D,91,2,14,R,,3,1,47,MIDFIELD,1,,,,12,,SLOT UND,RT,,I,21,Run,,ISO,,L,,,,Rush,T,B,,,,OVER,,,,,,,,
King's College,D,98,3,15,L,,0,10,47,MIDFIELD,0,,,,20,,TOM OFF,RT,,STRONG,31,Pass,,SOP,,R,,COMEBACKS,,Incomplete,,,6,3,SPRINT,OVER,,,5ROOP,321,ROOP,,,
King's College,D,99,3,15,L,,2,10,47,MIDFIELD,-2,,,,20,,TOM OFF,RT,,STRONG,31,Pass,TRICK,SHOVEL,,L,,COMEBACKS,,Complete,Y,,2,1,,OVER,,,6RG,97,,,,
King's College,D,100,3,15,L,,3,12,49,MIDFIELD,0,,PUNT,,11,,TREY,LT,,WK,31,Pass,,5 STEP,,R,,BUBBLE SLANTS,,Incomplete,,,5,3,62TF,OVER,,,5OC,206,,,,
King's College,D,109,3,15,M,,1,10,-24,UPFIELD,3,,,,12,,SLOT UND,LT,,I,21,Run,,ISO,,R,,,,Rush,T,A,,,,OVER,,,,,,,,
King's College,D,110,3,15,M,,2,8,-27,UPFIELD,1,,,,12,,SLOT UND,LT,,I,21,Run,,ISO,,L,,,,Rush,T,A,,,,OVER,,,,,,,,
King's College,D,111,3,15,L,,3,6,-28,UPFIELD,0,,INT,,12,,TEX,LT,,WK,21,Pass,,NAKED,,R,,WAGGLE,,Interception,,,6,4,NAKED,OVER,,,7ROOP,334,ROOP,,,
King's College,D,116,3,16,R,,0,10,-27,UPFIELD,4,,,,12,,SLOT UND,RT,,I,21,Pass,,NAKED,,R,,VERT COMEBACK,,Scramble,,,,1,NAKED COUNTER TREY,OVER,,,,,LOOP,,,
King's College,D,117,3,16,L,,2,6,-31,UPFIELD,9,,,,12,X JET,ACE,RT,,STRONG,22,Run,,POWER RD,,R,,,,Rush,Q,C,,,,OVER,,,,,,,,
King's College,D,118,3,16,M,,1,10,-40,MIDFIELD,0,,,,12,,SLOT UND,RT,,I,21,Pass,,SOP,,R,,COMEBACKS,,Incomplete,,,1,4,SPRINT,OVER,,,10LOOP,394,LOOP,,,
King's College,D,119,3,16,M,,2,10,-40,MIDFIELD,5,,,,12,,SLOT UND,RT,,I,21,Run,,ISO,,L,,,,Rush,T,B,,,,OVER,,,,,,,,
King's College,D,120,3,16,L,,3,6,-45,MIDFIELD,0,,PUNT,,10,,WIDE BUNCH,RT,,STRONG,31,Pass,RPO,PAP,IZ,R,,BUBBLE,,Incomplete,,,3,2,,OVER,,,5OC,137,,,,
King's College,D,126,3,17,R,,0,10,41,MIDFIELD,24,,,,11,,TREY,RT,,WK,31,Run,,PUNCH,,R,,,,Rush,T,B,,,,OVER,,,,,,,,
King's College,D,127,3,17,R,,1,10,17,RED ZONE,8,,,,11,,TREY,RT,,WK,31,Pass,,5 STEP,,L,,CHAIR,,Complete,S,,4,3,63AB,OVER,,,5OC,240,,,,
King's College,D,128,3,17,L,,2,2,9,RED ZONE,8,,,,20,,TOM OFF,RT,,STRONG,31,Pass,,SOP,,R,,SWITCH CORNER CMB,,Complete,J,,6,3,SPRINT,OVER,,,5ROOP,268,ROOP,,,
King's College,D,129,3,17,R,,1,1,1,GOALLINE,0,,,,22,TY TRADE,UNB BOX TY UND,LT,,I,30,Run,,DUO,,L,,,,Rush,T,B,,,,OVER,,,,,,,,
King's College,D,130,3,17,M,,2,1,1,GOALLINE,0,,,,22,,UNB BOX TY UND,LT,,I,30,Pass,,NAKED,,R,,CROSS,,Incomplete,,,9,0,NAKED,OVER,,,7ROOP,597,ROOP,,,
King's College,D,131,3,17,M,,3,1,1,GOALLINE,0,,FIELD GOAL,,12,,SLOT UND,LT,,I,21,Run,,POWER,,R,,,,Rush,T,B,,,,OVER,,,,,,,,
King's College,D,139,3,18,M,,0,10,-12,UPFIELD,0,,,,11,,TOM,RT,,WK,31,Pass,,,,,,COMEBACK OUT,,Scramble,,,,3,62AF,OVER,,,,,,,,
King's College,D,140,3,18,M,,2,10,-12,UPFIELD,4,,,,11,,TREY,LT,,WK,31,Run,,PUNCH,,,,,,Rush,Q,B,,,,OVER,,,,,,,,
King's College,D,141,3,18,M,,3,6,-16,UPFIELD,6,,,,11,,TOM,LT,,STRONG,31,Run,,Q BOSS,,,,,,Rush,T,A,,,,OVER,,,,,,,,
King's College,D,142,3,18,L,,1,10,-22,UPFIELD,0,,,,12,,UNB TOM UND,RT,,I,30,Run,,ISO,,R,,,,Rush,T,B,,,,OVER,,,,,,,,
King's College,D,143,3,18,L,,2,10,-22,UPFIELD,0,,,,12,,TEX,LT,,WK,31,Pass,,SOP,,R,,FLOOD,,Incomplete,,,3,1,SPRINT,OVER,,,7ROOP,250,ROOP,,,
King's College,D,144,3,18,L,,3,10,-22,UPFIELD,0,,PUNT,,20,,TOM OFF,RT,,STRONG,31,Run,TRICK,SHOVEL,,L,,,,Complete,Y,,2,4,,OVER,,,,,,,,
King's College,D,149,4,18,R,,0,10,-37,UPFIELD,18,,,,11,,TREY,RT,,I,31,Pass,,NAKED,,R,,OVER,,Complete,Y,,3,1,NAKED,OVER,,,9RT,338,,,,
King's College,D,150,4,18,R,,2,3,-45,MIDFIELD,7,,,,12,,ACE UND,LT,,DOT,22,Run,,Q SNEAK,,R,,,,Rush,Q,A,,,,OVER,,,,,,,,
King's College,D,151,4,18,R,,1,10,48,MIDFIELD,1,,,,12,,TEX,RT,,WK,31,Run,,PUNCH,,R,,,,Rush,T,B,,,,OVER,,,,,,,,
King's College,D,152,4,18,R,,2,9,47,MIDFIELD,0,,,,12,,SLOT UND,RT,,I,21,Pass,,NAKED,,R,,CROSS,,Scramble,,,,3,NAKED,OVER,,,,ROOP,,,,
King's College,D,153,4,18,R,,3,9,47,MIDFIELD,18,,,,11,,TREY,RT,,WK,31,Run,,POWER RD,,R,,,,Rush,T,D,,,,OVER,,,,,,,,
King's College,D,154,4,18,R,,1,10,29,GREEN ZONE,1,,,,12,,UNB TOM UND,LT,,I,30,Run,,BOSS,,L,,,,Rush,T,D,,,,OVER,,,,,,,,
King's College,D,155,4,18,L,,2,8,28,GREEN ZONE,1,,,,12,,SLOT UND,LT,,I,21,Run,,POWER,,R,,,,Rush,T,B,,,,OVER,,,,,,,,
King's College,D,156,4,18,M,,3,7,27,GREEN ZONE,6,,,,11,,TOM,LT,,STRONG,31,Run,,Q DRAW,,L,,,,Rush,Q,B,,,,OVER,,,,,,,,
King's College,D,157,4,18,R,,4,2,21,RED ZONE,2,,TD,,22,,BOX OFF UND,RT,,I,21,Pass,,PAP,ISO,R,,OVER VERT,,Complete,Y,,9,0,73F,OVER,,,10RT,282,,,,
King's College,D,167,4,19,R,,0,10,45,MIDFIELD,7,,,,22,,BOX UND,RT,,QUEEN,21,Run,,ISO,,L,,,,Rush,T,B,,,,OVER,,,,,,,,
King's College,D,168,4,19,M,,2,3,38,GREEN ZONE,0,,,,22,,BOX UND,RT,,KING,21,Run,,ISO,,R,,,,Rush,T,A,,,,OVER,,,,,,,,
King's College,D,169,4,19,M,,3,3,38,GREEN ZONE,0,,PUNT,,22,,BOX UND,LT,,QUEEN,12,Run,,BOSS,,R,,,,Rush,T,B,,,,OVER,,,,,,,,
King's College,D,178,4,20,L,,0,10,38,GREEN ZONE,4,,,,22,,BOX UND,RT,,QUEEN,12,Run,,ISO,,L,,,,Rush,T,C,,,,OVER,,,,,,,,
King's College,D,179,4,20,L,,2,6,34,GREEN ZONE,2,,,,22,,BOX UND,LT,,QUEEN,21,Run,,DUO,,R,,,,Rush,T,C,,,,OVER,,,,,,,,
King's College,D,180,4,20,L,,3,3,32,GREEN ZONE,4,,,,22,,BOX UND,LT,,I,21,Run,,DIVE,,R,,,,Rush,T,A,,,,OVER,,,,,,,,
FDU,D,2,1,1,M,,0,10,-30,UPFIELD,2,,,,21,J JET,SLOT TY,LT,,WK,22,Run,,POWER,,L,,,,Rush,T,C,,,,OVER,,,,,,,,
FDU,D,3,1,1,L,,2,8,-32,UPFIELD,2,,,,21,,PRO UND,LT,YES,I,12,Run,,POWER,,L,,,,Rush,T,B,,,,OVER,,,,,,,,
FDU,D,4,1,1,L,,3,6,-34,UPFIELD,12,,,,20,,FOX UND,RT,,I,21,Run,,ISO,,R,,,,Rush,T,A,,,,OVER,,,,,,,,
FDU,D,5,1,1,L,,1,10,-46,MIDFIELD,24,,,,20,,FOX,RT,,SPLIT,21,Pass,,5 STEP,,L,,COMEBACKS,,Complete,Z,,9,2,73B,OVER,,,7ROOP,406,ROOP,,,
FDU,D,6,1,1,R,,1,10,30,GREEN ZONE,4,,,,20,,FOX UND,LT,,I,21,Run,,ISO,,L,,,,Rush,T,B,,,,OVER,,,,,,,,
FDU,D,8,1,1,R,,3,11,31,GREEN ZONE,10,,,,21,,SLOT UND,RT,,I,21,Pass,RPO,BUBBLE,,L,BUB,BUBBLE,,Complete,J,,1,2,,OVER,,,3OC,97,,,,
FDU,D,9,1,1,L,,4,1,21,RED ZONE,3,,,,21,J JET,SLOT TY,RT,,WK,22,Pass,,NAKED,,R,,COMEBACK,,Complete,Z,,3,1,73ABS,OVER,,,10ROOP,456,ROOP,,,
FDU,D,10,1,1,R,,1,10,18,RED ZONE,-2,,,,21,,PRO UND,RT,,I,21,Run,,BOSS,,R,,,,Rush,T,C,,,,OVER,,,,,,,,
FDU,D,11,1,1,R,,2,12,20,RED ZONE,4,,,,12,,TEX,RT,,WK,31,Pass,,SOP,,L,,COMEBACK WHEEL,,Incomplete,,,7,4,SPRINT,OVER,,,5LOOP,356,LOOP,,,
FDU,D,12,1,1,R,,3,8,16,RED ZONE,8,,,,21,,PRO UND,LT,,I,21,Pass,RPO,BUBBLE,,L,BUB,BUBBLE,,Complete,J,,1,4,,OVER,,,3OC,112,,,,
FDU,D,13,1,1,L,,1,10,8,RED ZONE,7,,,,22,TY TRADE,UNB TOM TY,LT,,I,30,Run,,BOSS,,R,,,,Rush,T,C,,,,OVER,,,,,,,,
FDU,D,14,1,1,M,,2,3,1,GOALLINE,1,,TD,,21,,SLOT TY,LT,,I,22,Run,,Q SNEAK,,L,,,,Rush,Q,A,,,,OVER,,,,,,,,
FDU,D,34,1,3,M,T,0,10,-1,BACKED UP,1,,,,12,,ACE UND,RT,,DOT,22,Run,,Q SNEAK,,L,,,,Rush,Q,A,,,,OVER,,,,,,,,
FDU,D,35,1,3,M,,2,9,-2,BACKED UP,3,,,,21,,PRO UND,LT,YES,I,12,Run,,DIVE,,L,,,,Rush,F,A,,,,OVER,,,,,,,,
FDU,D,36,1,3,R,,3,6,-5,BACKED UP,8,,,,21,,UNB TOM UND,RT,,I,30,Pass,,SOP,,R,,CRACK CORNER,OUT,Complete,J,,3,4,SPRINT,OVER,,,6ROOP,231,ROOP,,,
FDU,D,37,2,3,R,,1,10,-13,UPFIELD,6,,,,20,,TOM,LT,,WK,31,Run,,Q BOSS,,R,,,,Rush,Q,E-Alley,,,,OVER,,,,,,,,
FDU,D,38,2,3,R,,2,4,-19,UPFIELD,10,,,,11,,TREY,RT,,WK,31,Pass,,SOP,,L,,FLOOD,,Complete,Z,,4,2,SPRINT,OVER,,,4LOOP,350,LOOP,,,
FDU,D,39,2,3,L,,1,10,-29,UPFIELD,5,,,,21,,SLOT UND,LT,,I,21,Run,,POWER,,L,,,,Rush,T,B,,,,OVER,,,,,,,,
FDU,D,40,2,3,L,,2,5,-34,UPFIELD,11,,,,21,,SLOT UND,LT,,I,21,Run,,POWER,,L,,,,Rush,T,B,,,,OVER,,,,,,,,
FDU,D,41,2,3,L,,1,10,-45,MIDFIELD,2,,,,21,,SLOT UND,LT,,I,21,Run,,ISO,,R,,,,Rush,T,B,,,,OVER,,,,,,,,
FDU,D,42,2,3,L,,2,8,-47,MIDFIELD,6,,,,21,,UNB TOM UND,RT,,I,30,Run,,BOSS,,L,,,,Rush,T,C,,,,OVER,,,,,,,,
FDU,D,43,2,3,L,,3,2,47,MIDFIELD,3,,,,21,,UNB TOM UND,RT,,I,30,Run,,Q SNEAK,,L,,,,Rush,Q,A,,,,OVER,,,,,,,,
FDU,D,44,2,3,L,,1,10,44,MIDFIELD,0,,,,11,,WOLF SIB,RT,,WK,22,Pass,RPO,NOW,IZ,L,BUB,ROCKET,,Complete,X,,1,2,,OVER,,,5OC,125,,,,
FDU,D,45,2,3,L,,2,10,44,MIDFIELD,0,,,,11,,WOLF SIB,RT,,STRONG,22,Pass,,SOP,,R,,COMEBACK GO,CROSS,Incomplete,,,9,4,SPRINT,OVER,,,6ROOP,347,ROOP,,,
FDU,D,46,2,3,L,,3,10,44,MIDFIELD,4,,,,11,,TREY,LT,,WK,31,Run,,POWER RD,,L,,,,Rush,,,,,,OVER,,,,,,,,
FDU,D,57,2,5,R,,0,10,-28,UPFIELD,0,,INT,,21,,SLOT UND,RT,,I,21,Pass,,NAKED,,L,,COMEBACK,WHEEL,Interception,,,,4,NAKED COUNTER TREY,OVER,,,8LOOP,315,LOOP,,,
FDU,D,63,2,7,L,,0,10,-16,UPFIELD,-8,,,,12,,ACE OFF,RT,,STRONG,22,Run,,ISO,,L,,,,Rush,T,C,,,,OVER,,,,,,,,
FDU,D,64,2,7,R,,2,18,-8,UPFIELD,-3,,,,12,,ACE OFF,RT,,STRONG,22,Run,,Q COUNTER,,R,,,,Rush,Q,C,,,,OVER,,,,,,,,
FDU,D,65,2,7,R,,2,21,-5,BACKED UP,6,,,,21,,SLOT UND,LT,,I,21,Run,,ISO,,L,,,,Rush,T,B,,,,OVER,,,,,,,,
FDU,D,66,2,7,R,,3,15,-11,UPFIELD,22,,,,21,,SLOT UND,LT,,I,21,Run,,ISO,,R,,,,Rush,T,B,,,,OVER,,,,,,,,
FDU,D,67,2,7,R,,1,10,-33,UPFIELD,3,,,,21,,SLOT UND,RT,,I,21,Run,,POWER,,R,,,,Rush,T,B,,,,OVER,,,,,,,,
FDU,D,68,2,7,R,,2,7,-36,UPFIELD,1,,,,12,,ACE OFF,LT,,STRONG,22,Pass,,PAP,POWER,L,,CROSS,WHIP,Incomplete,,,9,4,,OVER,,,8OC,363,,,,
FDU,D,69,2,7,R,,3,6,-37,UPFIELD,-2,,PUNT,,12,,TEX,RT,,WK,31,Run,,POWER RD,,R,,,,Fumble,,,,,,OVER,,,,,,,,
FDU,D,80,2,9,M,,0,10,50,MIDFIELD,-4,,,,11,,TREY,LT,,WK,31,Pass,,5 STEP,,R,,CURLS,,Sack,,,,4,62TF,OVER,,,,,,,,
FDU,D,94,3,10,R,,0,10,-30,UPFIELD,7,,,,21,,UNB TOM UND,LT,,I,30,Run,,BOSS,,R,,,,Rush,T,C,,,,OVER,,,,,,,,
FDU,D,95,3,10,R,,2,3,-37,UPFIELD,3,,,,21,,SLOT UND,RT,,I,21,Run,,POWER,,R,,,,Rush,T,C,,,,OVER,,,,,,,,
FDU,D,96,3,10,R,,1,10,-40,MIDFIELD,14,,,,12,,TEX,RT,,WK,31,Pass,,SOP,,L,,COMEBACKS,,Complete,Z,,4,4,SPRINT,OVER,,,6LOOP,322,LOOP,,,
FDU,D,97,3,10,L,,1,10,46,MIDFIELD,2,,,,21,,PRO UND,LT,,I,21,Run,,POWER,,L,,,,Rush,T,C,,,,OVER,,,,,,,,
FDU,D,98,3,10,L,,2,8,44,MIDFIELD,11,,,,21,,PRO UND,LT,YES,I,12,Run,,ISO,,R,,,,Rush,T,A,,,,OVER,,,,,,,,
FDU,D,99,3,10,L,,1,10,33,GREEN ZONE,13,,,,21,,SLOT UND,LT,,I,21,Pass,,SOP,,R,,RUB OUT,,Complete,J,,3,4,SPRINT,OVER,,,7ROOP,228,ROOP,,,
FDU,D,100,3,10,R,,1,10,20,RED ZONE,2,,,,21,,PRO UND,RT,YES,I,12,Run,,ISO,,L,,,,Rush,T,B,,,,OVER,,,,,,,,
FDU,D,101,3,10,M,,2,8,18,RED ZONE,0,,,,21,,PRO UND,RT,,I,21,Run,,ISO,,R,,,,Rush,T,A,,,,OVER,,,,,,,,
FDU,D,102,3,10,M,,3,8,18,RED ZONE,13,,,,21,,SLOT UND,RT,,I,21,Pass,,SOP,,L,,RUB OUT,,Complete,J,,4,1,SPRINT,OVER,,,5LOOP,231,LOOP,,,
FDU,D,103,3,10,L,,1,10,5,GOALLINE,3,,,,21,,SLOT UND,LT,,I,21,Run,,POWER,,L,,,,Rush,T,B,,,,OVER,,,,,,,,
FDU,D,104,3,10,L,,2,7,2,GOALLINE,-1,,,,21,,PRO UND,RT,,I,21,Run,,BOSS,,R,,,,Rush,T,B,,,,OVER,,,,,,,,
FDU,D,105,3,10,M,,3,8,3,GOALLINE,0,,FG,,21,,SLOT UND,LT,,I,21,Pass,,3 STEP,,R,,SLANT VERT,,Incomplete,,,6,1,81F,OVER,,,5OC,150,,,,
FDU,D,112,3,12,L,,0,10,-10,UPFIELD,5,,,,12,,TEX,LT,,WK,31,Run,,PUNCH,,L,,,,Rush,T,A,,,,OVER,,,,,,,,
FDU,D,113,3,12,L,,2,5,-15,UPFIELD,27,,,,21,,PRO UND,LT,,I,21,Pass,,NAKED,,R,,WAGGLE,,Complete,X,,9,1,NAKED,OVER,,,7ROOP,503,ROOP,,,
FDU,D,114,3,12,R,,1,10,-42,MIDFIELD,-2,,,,20,,FOX UND,LT,,I,21,Run,,ISO,,L,,,,Rush,Q,C,,,,OVER,,,,,,,,
FDU,D,115,3,12,M,,2,12,-40,MIDFIELD,0,,,,20,,FOX,LT,,SPLIT,21,Run,,Q COUNTER,,R,,,,Rush,Q,C,,,,OVER,,,,,,,,
FDU,D,116,3,12,M,,3,12,-40,MIDFIELD,25,,,,21,,SLOT UND,RT,,I,21,Pass,,SOP,,L,,FLOOD,,Scramble,,,,1,SPRINT,OVER,,,,,LOOP,,,
FDU,D,117,3,12,L,,1,10,35,GREEN ZONE,7,,,,12,X JET,ACE,RT,,STRONG,22,Run,,POWER RD,,R,,,,Rush,X,E-Alley,,,,OVER,,,,,,,,
FDU,D,119,3,12,R,,2,8,33,GREEN ZONE,11,,,,21,,SLOT UND,RT,,I,21,Pass,RPO,BUBBLE,IZ,L,BUB,BUBBLE,,Complete,J,,1,4,,OVER,,,3OC,97,,,,
FDU,D,120,3,12,L,,1,10,22,RED ZONE,9,,,,12,,TEX,LT,,WK,31,Run,,PUNCH,,L,,,,Rush,T,A,,,,OVER,,,,,,,,
FDU,D,121,4,12,L,,2,1,13,RED ZONE,-1,,,,21,,SLOT UND,LT,,I,21,Run,,POWER,,L,,,,Rush,T,B,,,,OVER,,,,,,,,
FDU,D,122,4,12,L,,3,2,14,RED ZONE,10,,,,21,,SLOT UND,LT,,I,21,Pass,,SOP,,R,,RUB OUT,,Scramble,,,,4,SPRINT,OVER,,,,,ROOP,,,
FDU,D,123,4,12,R,,1,10,4,GOALLINE,2,,,,12,,TEX,RT,,WK,31,Pass,,SOP,,L,,SMASH,,Scramble,,,,4,SPRINT,OVER,,,,,LOOP,,,
FDU,D,124,4,12,L,,2,8,2,GOALLINE,2,,TD,,21,,SLOT UND,LT,,I,21,Run,,DIVE,,L,,,,Rush,F,A,,,,OVER,,,,,,,,
FDU,D,133,4,14,L,,0,10,-11,UPFIELD,4,,,,21,,SLOT UND,LT,,I,21,Pass,,SOP,,R,,RUB CORNER OUT,,Scramble,,,,4,SPRINT,OVER,,,,,ROOP,,,
FDU,D,134,4,14,R,,2,6,-15,UPFIELD,7,,,,21,,PRO UND,RT,YES,I,12,Run,,ISO,,L,,,,Rush,T,C,,,,OVER,,,,,,,,
FDU,D,135,4,14,L,,1,10,-22,UPFIELD,3,,,,12,,TEX,LT,,WK,31,Run,,Q ISO,,R,,,,Rush,Q,B,,,,OVER,,,,,,,,
FDU,D,136,4,14,R,,2,7,-25,UPFIELD,5,,,,21,,SLOT UND,RT,,I,21,Pass,RPO,BUBBLE,IZ,L,BUB,BUBBLE,,Complete,J,,1,4,,OVER,,,3OC,107,,,,
FDU,D,137,4,14,L,,3,2,-30,UPFIELD,0,,PUNT,,21,,SLOT UND,LT,,I,21,Pass,,SOP,,R,,COMEBACKS,,Scramble,,,,3,SPRINT,OVER,,,,,,ROOP,,
FDU,D,145,4,16,L,,0,10,-20,UPFIELD,4,,,,20,,FOX,RT,,SPLIT,21,Run,,ISO,,R,,,,Rush,T,B,,,,OVER,,,,,,,,
FDU,D,146,4,16,M,,2,6,-24,UPFIELD,11,,,,20,,TOM OFF,RT,,STRONG,31,Pass,,SOP,,R,,FLOOD,,Complete,Y,,3,4,SPRINT,OVER,,,4ROOP,290,ROOP,,,
FDU,D,147,4,16,R,,1,10,-35,UPFIELD,16,,,,20,,FOX,LT,,SPLIT,21,Pass,,3 STEP,,L,,OUT VERT,,Complete,J,,4,3,71F,OVER,,,5OC,218,,,,
FDU,D,148,4,16,L,,1,10,49,MIDFIELD,0,,,,20,,FOX,RT,,SPLIT,21,Pass,,3 STEP,,L,,OUT VERT,,Incomplete,,,1,4,71F,OVER,,,5OC,200,,,,
FDU,D,149,4,16,L,,2,10,49,MIDFIELD,5,,,,20,,FOX,RT,,SPLIT,21,Run,,ISO,,R,,,,Rush,T,B,,,,OVER,,,,,,,,
FDU,D,150,4,16,R,,3,5,44,MIDFIELD,9,,,,20,,TOM OFF,LT,,WK,31,Run,,Q BOSS,,R,,,,Rush,Q,E-Alley,,4,,OVER,,,,,,,,
FDU,D,151,4,16,R,,1,10,35,GREEN ZONE,7,,,,20,,TOM OFF,LT,,STRONG,31,Pass,,SOP,,L,,RUB OUT CORNER,,Scramble,,,,4,SPRINT,OVER,,,,,LOOP,,,
FDU,D,152,4,16,L,,2,3,28,GREEN ZONE,4,,,,20,,FOX,RT,,SPLIT,21,Run,,Q COUNTER,,L,,,,Rush,Q,C,,,,OVER,,,,,,,,
FDU,D,153,4,16,L,,1,10,24,RED ZONE,0,,,,20,,FOX,RT,,SPLIT,21,Pass,,3 STEP,,R,,SWING SLANTS,,Incomplete,,,5,4,50 MAN,OVER,,,5OC,178,,,,
FDU,D,154,4,16,L,,2,10,24,RED ZONE,14,,,,20,,TOM OFF,RT,,STRONG,31,Pass,,SOP,,R,,COMEBACKS,,Complete,Z,,6,4,SPRINT,OVER,,,5ROOP,293,ROOP,,,
FDU,D,155,4,16,R,,1,10,10,RED ZONE,1,,,,20,,FOX UND,LT,,I,21,Run,,ISO,,L,,,,Rush,T,B,,,,OVER,,,,,,,,
FDU,D,156,4,16,R,,2,9,9,RED ZONE,0,,,,20,,FOX,LT,,SPLIT,21,Pass,,3 STEP,,L,,OUT VERT,,Incomplete,,,1,4,71F,OVER,,,5OC,188,,,,
FDU,D,157,4,16,R,,3,9,9,RED ZONE,9,,,,20,,FOX,LT,,SPLIT,21,Pass,,5 STEP,,R,,SWING SLANTS,,Scramble,,,,4,50 MAN,OVER,,,,,RB,,,
FDU,D,158,4,16,R,,4,1,1,GOALLINE,1,,TD,,20,,FOX UND,LT,,I,21,Run,,Q SNEAK,,L,,,,Rush,Q,A,,,,OVER,,,,,,,,
FDU,D,162,4,17,R,T,0,10,-32,UPFIELD,7,,,,20,,FOX UND,LT,,I,21,Run,,ISO,,L,,,,Rush,T,B,,,,OVER,,,,,,,,
FDU,D,163,4,17,L,,2,3,-39,UPFIELD,6,,,,20,,TOM OFF,RT,,STRONG,31,Run,,Q BOSS,,R,,,,Rush,,,,,,OVER,,,,,,,,
FDU,D,164,4,17,M,,1,10,-45,MIDFIELD,14,,,,10,,WIDE BUNCH,RT,,STRONG,31,Pass,,SOP,,R,,SWITCH SMASH,,Complete,Z,,6,4,SPRINT,OVER,,,7ROOP,244,ROOP,,,
FDU,D,165,4,17,R,,1,10,41,MIDFIELD,0,,,,10,,WIDE BUNCH,LT,,STRONG,31,Pass,,3 STEP,,R,,CHAIR,,Incomplete,,,6,4,60 MAN,OVER,,,5OC,178,,,,
FDU,D,166,4,17,R,,2,10,41,MIDFIELD,0,,,,10,,WIDE BUNCH,LT,,STRONG,31,Pass,,SOP,,L,,WHEEL CURL,,Incomplete,,,7,4,SPRINT,OVER,,,7LOOP,369,LOOP,,,
FDU,D,173,5,18,R,,0,10,25,RED ZONE,6,,,,12,T JUMP,TEX,RT,,WK,31,Run,,Q BOSS,,L,,,,Rush,Q,D,,,,OVER,,,,,,,,
FDU,D,174,5,18,L,,2,4,19,RED ZONE,1,,,,21,,UNB TOM UND,RT,,I,30,Run,,ISO,,L,,,,Rush,T,B,,,,OVER,,,,,,,,
FDU,D,175,5,18,L,,3,3,18,RED ZONE,0,,,,12,,TEX,RT,,WK,31,Pass,,SOP,,R,,FLOOD,,Incomplete,,,6,3,SPRINT,OVER,,,3ROOP,291,ROOP,,,
FDU,D,176,5,18,L,,4,3,18,RED ZONE,0,,FG,,12,,TEX UND,LT,,DOT,31,,,,,,,,,,,,,,,,,,,,,,,
FDU,D,178,5,19,R,,0,10,25,RED ZONE,4,,,,21,,PRO UND,LT,,I,21,Run,,ISO,,L,,,,Rush,T,C,,,,OVER,,,,,,,,
FDU,D,179,5,19,M,,2,6,21,RED ZONE,0,,,,21,,PRO UND,LT,,I,21,Pass,,SOP,,L,,OUT COMEBACK GO,,Scramble,,,,4,SPRINT,OVER,,,,,LOOP,,,
FDU,D,180,5,19,L,,3,6,21,RED ZONE,5,S,,,21,,SLOT UND,LT,,I,21,Pass,RPO,BUBBLE,IZ,R,BUB,BUBBLE,,Complete,J,,3,4,,OVER,,,3OC,113,,,,
FDU,D,181,5,19,R,,4,1,16,RED ZONE,11,,,,21,,SLOT UND,RT,,I,21,Pass,,BUBBLE,,L,,BUBBLE,,Complete,J,,1,4,,OVER,,,3OC,115,,,,
FDU,D,182,5,19,L,,1,10,5,GOALLINE,0,,FUMBLE,,21,,PRO UND,RT,,I,21,Run,,ISO,,R,,,,Fumble,T,,,,,OVER,,,,,,,,
